2982721335,@complejolambda
1300064282,@complejolambda
1211712121626447873,@complejolambda
974829570921779201,@complejolambda
1261745029,@complejolambda
1272268818,@complejolambda
127480889,@complejolambda
4796224042,@complejolambda
1946111952,@complejolambda
996089580704227329,@complejolambda
742014439310917632,@complejolambda
840592807513473025,@complejolambda
873877678696398848,@complejolambda
930396632788717569,@complejolambda
1069288470013796354,@complejolambda
1058489370355949568,@complejolambda
41441246,@complejolambda
1665270402,@complejolambda
1019693279691137024,@complejolambda
983831755747741696,@complejolambda
3089016106,@complejolambda
970510935440977920,@complejolambda
828640187509067777,@complejolambda
846371876834299904,@complejolambda
781816852745977857,@complejolambda
2394634344,@complejolambda
424277567,@complejolambda
777087882171392000,@complejolambda
301906836,@complejolambda
145856761,@complejolambda
266236481,@complejolambda
381417813,@complejolambda
41867326,@complejolambda
524303495,@complejolambda
1300311115,@complejolambda
2832263224,@complejolambda
12373832,@complejolambda
718180383729315840,@complejolambda
3306629243,@complejolambda
74676276,@complejolambda
274602987,@complejolambda
2187944274,@complejolambda
4857776453,@complejolambda
3302836978,@complejolambda
304679484,@complejolambda
344791014,@complejolambda
2792575311,@complejolambda
353703217,@complejolambda
572959913,@complejolambda
14943083,@complejolambda
257454908,@complejolambda
2560836037,@complejolambda
2310537236,@complejolambda
1596495541,@complejolambda
3297600034,@complejolambda
2605519104,@complejolambda
397569659,@complejolambda
381739917,@complejolambda
385928813,@complejolambda
394562321,@complejolambda
2647243303,@complejolambda
2331608820,@complejolambda
63667244,@complejolambda
3220937464,@complejolambda
829136550,@complejolambda
150646597,@complejolambda
1184284674,@complejolambda
3186506873,@complejolambda
362365865,@complejolambda
3205321,@complejolambda
262313593,@complejolambda
268342906,@complejolambda
97435966,@complejolambda
166012267,@complejolambda
2613957415,@complejolambda
6867012,@complejolambda
372364635,@complejolambda
257471572,@complejolambda
206178009,@complejolambda
3094362491,@complejolambda
383871947,@complejolambda
111066638,@complejolambda
270271745,@complejolambda
3028254131,@complejolambda
1373132161,@complejolambda
11020162,@complejolambda
829129148,@complejolambda
225848367,@complejolambda
268292100,@complejolambda
878843768,@complejolambda
401493569,@complejolambda
945509377,@complejolambda
3020400124,@complejolambda
3017560683,@complejolambda
2259509864,@complejolambda
2365253556,@complejolambda
2908783276,@complejolambda
776870317,@complejolambda
2884918475,@complejolambda
271025147,@complejolambda
67270645,@complejolambda
701161309,@complejolambda
1376380448,@complejolambda
266028660,@complejolambda
2902577626,@complejolambda
19681801,@complejolambda
243846655,@complejolambda
2787728224,@complejolambda
1192795542,@complejolambda
2293390420,@complejolambda
2318398407,@complejolambda
2848112711,@complejolambda
413197758,@complejolambda
2878734961,@complejolambda
2553092834,@complejolambda
2603102613,@complejolambda
328501826,@complejolambda
311563743,@complejolambda
2188886078,@complejolambda
1950328747,@complejolambda
2794104700,@complejolambda
2284743128,@complejolambda
90607621,@complejolambda
274398596,@complejolambda
2228014476,@complejolambda
586807979,@complejolambda
620397505,@complejolambda
966823482,@complejolambda
158689987,@complejolambda
2338790047,@complejolambda
764599118,@complejolambda
601050761,@complejolambda
2645295031,@complejolambda
2451691322,@complejolambda
2619446784,@complejolambda
2566987886,@complejolambda
117652722,@complejolambda
2186003573,@complejolambda
2497161577,@complejolambda
1416500346,@complejolambda
1476363037,@complejolambda
2512606351,@complejolambda
2515731182,@complejolambda
17888075,@complejolambda
90832740,@complejolambda
15190905,@complejolambda
15292702,@complejolambda
1102632061,@complejolambda
1466830399,@complejolambda
117823024,@complejolambda
2274252840,@complejolambda
302067103,@complejolambda
2225704592,@complejolambda
596295061,@complejolambda
2165745566,@complejolambda
406362196,@complejolambda
2295204949,@complejolambda
1546664996,@complejolambda
2164656230,@complejolambda
1144941259,@complejolambda
1372011973,@complejolambda
614006523,@complejolambda
380351602,@complejolambda
210996383,@complejolambda
1964209626,@complejolambda
22747028,@complejolambda
2167200547,@complejolambda
1185025520,@complejolambda
1666278464,@complejolambda
258766365,@complejolambda
184736528,@complejolambda
1498551954,@complejolambda
1670356740,@complejolambda
1566871196,@complejolambda
1357501928,@complejolambda
875418703,@complejolambda
16707084,@complejolambda
273041930,@complejolambda
589826504,@complejolambda
986600624,@complejolambda
1601991464,@complejolambda
125024089,@complejolambda
265394022,@complejolambda
1663299360,@complejolambda
106305135,@complejolambda
252108386,@complejolambda
1130725531,@complejolambda
756785240,@complejolambda
777818744,@complejolambda
1598190127,@complejolambda
519241192,@complejolambda
164037285,@complejolambda
1596251108,@complejolambda
1590857090,@complejolambda
1017987938,@complejolambda
1545573229,@complejolambda
222353612,@complejolambda
95501183,@complejolambda
424956479,@complejolambda
617567938,@complejolambda
16220934,@complejolambda
633699572,@complejolambda
557306031,@complejolambda
15496967,@complejolambda
1488204506,@complejolambda
1482363186,@complejolambda
1086003890,@complejolambda
66782184,@complejolambda
380326718,@complejolambda
380428693,@complejolambda
111575914,@complejolambda
7635482,@complejolambda
1347473857,@complejolambda
14932848,@complejolambda
929367859,@complejolambda
1114089698,@complejolambda
274543316,@complejolambda
776011951,@complejolambda
609059681,@complejolambda
1009180963,@complejolambda
1251147691,@complejolambda
1166358434,@complejolambda
1071293491,@complejolambda
233893382,@complejolambda
891335082,@complejolambda
19089695,@complejolambda
15533736,@complejolambda
11404142,@complejolambda
436648402,@complejolambda
211633673,@complejolambda
1052238710,@complejolambda
174715041,@complejolambda
1180012728,@complejolambda
52926689,@complejolambda
818484427,@complejolambda
47667972,@complejolambda
441670192,@complejolambda
407645685,@complejolambda
44343955,@complejolambda
537372154,@complejolambda
980617658,@complejolambda
90618645,@complejolambda
1140920574,@complejolambda
1134558667,@complejolambda
718341428,@complejolambda
867401516,@complejolambda
1091667408,@complejolambda
494500013,@complejolambda
439201694,@complejolambda
25063355,@complejolambda
303732317,@complejolambda
240147968,@complejolambda
893255556,@complejolambda
737639900,@complejolambda
825687025,@complejolambda
391455849,@complejolambda
565855573,@complejolambda
831547454,@complejolambda
444542966,@complejolambda
148307663,@complejolambda
993974768,@complejolambda
118743297,@complejolambda
934359584,@complejolambda
980272507,@complejolambda
257135800,@complejolambda
227855659,@complejolambda
322549862,@complejolambda
260462501,@complejolambda
360806708,@complejolambda
903715884,@complejolambda
63161821,@complejolambda
564730039,@complejolambda
230481672,@complejolambda
845756166,@complejolambda
373534332,@complejolambda
498361706,@complejolambda
68960314,@complejolambda
282191103,@complejolambda
785616199,@complejolambda
77460256,@complejolambda
40890137,@complejolambda
223126245,@complejolambda
11977972,@complejolambda
908342306,@complejolambda
546863061,@complejolambda
215473534,@complejolambda
149841143,@complejolambda
867817723,@complejolambda
802252519,@complejolambda
332289172,@complejolambda
714168734,@complejolambda
80901651,@complejolambda
794323248,@complejolambda
303689924,@complejolambda
154248694,@complejolambda
851506736,@complejolambda
130797895,@complejolambda
777739062,@complejolambda
320389201,@complejolambda
395587860,@complejolambda
370956422,@complejolambda
405421141,@complejolambda
728698790,@complejolambda
277225792,@complejolambda
368209699,@complejolambda
14140004,@complejolambda
790591808,@complejolambda
344628574,@complejolambda
204069912,@complejolambda
777949212,@complejolambda
600255148,@complejolambda
249119615,@complejolambda
598415867,@complejolambda
453401718,@complejolambda
611108605,@complejolambda
132549060,@complejolambda
434881716,@complejolambda
45404885,@complejolambda
394310077,@complejolambda
130823555,@complejolambda
423849649,@complejolambda
279550566,@complejolambda
607928806,@complejolambda
245838367,@complejolambda
607141443,@complejolambda
147057954,@complejolambda
593654198,@complejolambda
494308508,@complejolambda
583928001,@complejolambda
68656360,@complejolambda
174955297,@complejolambda
42372664,@complejolambda
166536200,@complejolambda
567168140,@complejolambda
262708492,@complejolambda
555807388,@complejolambda
478751590,@complejolambda
194634272,@complejolambda
265107958,@complejolambda
220334944,@complejolambda
474865908,@complejolambda
488282233,@complejolambda
197400458,@complejolambda
196932180,@complejolambda
366459880,@complejolambda
421697970,@complejolambda
50510306,@complejolambda
183552214,@complejolambda
18334111,@complejolambda
163205992,@complejolambda
316362539,@complejolambda
480471230,@complejolambda
227233708,@complejolambda
312731347,@complejolambda
454850159,@complejolambda
366576518,@complejolambda
456981649,@complejolambda
246166737,@complejolambda
227021767,@complejolambda
266835287,@complejolambda
288447586,@complejolambda
207648970,@complejolambda
177580350,@complejolambda
66663074,@complejolambda
112288498,@complejolambda
92163822,@complejolambda
152975041,@complejolambda
376086555,@complejolambda
307533924,@complejolambda
146527351,@complejolambda
17229342,@complejolambda
298675832,@complejolambda
384365909,@complejolambda
91081021,@complejolambda
129207988,@complejolambda
254530988,@complejolambda
128522261,@complejolambda
66957332,@complejolambda
376254865,@complejolambda
376775119,@complejolambda
319338700,@complejolambda
325033832,@complejolambda
29205710,@complejolambda
298550548,@complejolambda
277968745,@complejolambda
233140003,@complejolambda
289000048,@complejolambda
357534903,@complejolambda
357363579,@complejolambda
300791798,@complejolambda
355084628,@complejolambda
88997368,@complejolambda
323985547,@complejolambda
331015240,@complejolambda
257614656,@complejolambda
339749615,@complejolambda
337189305,@complejolambda
336577827,@complejolambda
235718853,@complejolambda
285008756,@complejolambda
168485633,@complejolambda
5442012,@complejolambda
316982662,@complejolambda
278365200,@complejolambda
2761581,@complejolambda
122400683,@complejolambda
296398581,@complejolambda
310776746,@complejolambda
18015530,@complejolambda
217386816,@complejolambda
121258930,@complejolambda
134765686,@complejolambda
21158690,@complejolambda
317431307,@complejolambda
319181587,@complejolambda
302466136,@complejolambda
211137990,@complejolambda
308151585,@complejolambda
162702315,@complejolambda
307292816,@complejolambda
274929045,@complejolambda
83808414,@complejolambda
98739934,@complejolambda
221440271,@complejolambda
14096176,@complejolambda
267441778,@complejolambda
69565347,@complejolambda
159196568,@complejolambda
67738784,@complejolambda
165551644,@complejolambda
278275441,@complejolambda
229425099,@complejolambda
103985905,@complejolambda
72784762,@complejolambda
197924667,@complejolambda
215865701,@complejolambda
228357635,@complejolambda
82709736,@complejolambda
174683826,@complejolambda
287629374,@complejolambda
288098495,@complejolambda
192940797,@complejolambda
51705780,@complejolambda
120490346,@complejolambda
240504134,@complejolambda
271455184,@complejolambda
96529773,@complejolambda
279600070,@complejolambda
268753800,@complejolambda
279097296,@complejolambda
119357168,@complejolambda
145545890,@complejolambda
197392357,@complejolambda
272030106,@complejolambda
95089897,@complejolambda
262348892,@complejolambda
221336594,@complejolambda
47076869,@complejolambda
44781664,@complejolambda
131615711,@complejolambda
130493997,@complejolambda
134837082,@complejolambda
213229079,@complejolambda
248678415,@complejolambda
205235001,@complejolambda
140207674,@complejolambda
207916162,@complejolambda
264133260,@complejolambda
119334355,@complejolambda
230326144,@complejolambda
260191434,@complejolambda
258818156,@complejolambda
1344671,@complejolambda
205159631,@complejolambda
166978731,@complejolambda
255716345,@complejolambda
255252168,@complejolambda
255483505,@complejolambda
145694819,@complejolambda
197184225,@complejolambda
251976604,@complejolambda
203655319,@complejolambda
90842277,@complejolambda
249778092,@complejolambda
224306899,@complejolambda
55496945,@complejolambda
195685943,@complejolambda
87802215,@complejolambda
44240085,@complejolambda
224308192,@complejolambda
246229257,@complejolambda
229832738,@complejolambda
71622077,@complejolambda
14208766,@complejolambda
231079382,@complejolambda
238322675,@complejolambda
233974683,@complejolambda
51296806,@complejolambda
217383083,@complejolambda
79161986,@complejolambda
225085147,@complejolambda
14562110,@complejolambda
143845788,@complejolambda
119810969,@complejolambda
39802231,@complejolambda
224236611,@complejolambda
90031300,@complejolambda
221381705,@complejolambda
201911046,@complejolambda
95436792,@complejolambda
219036964,@complejolambda
211617736,@complejolambda
184861178,@complejolambda
92594499,@complejolambda
216329119,@complejolambda
211634532,@complejolambda
214526033,@complejolambda
60989213,@complejolambda
89800532,@complejolambda
153506167,@complejolambda
39562885,@complejolambda
71488208,@complejolambda
48485771,@complejolambda
153790519,@complejolambda
22493749,@complejolambda
36803580,@complejolambda
73542068,@complejolambda
62490084,@complejolambda
182987740,@complejolambda
190983296,@complejolambda
126337863,@complejolambda
197873775,@complejolambda
19077463,@complejolambda
190388984,@complejolambda
49615531,@complejolambda
192964196,@complejolambda
91873310,@complejolambda
9125352,@complejolambda
190725798,@complejolambda
185708044,@complejolambda
16450203,@complejolambda
173522746,@complejolambda
7397002,@complejolambda
140530120,@complejolambda
95657746,@complejolambda
162713253,@complejolambda
15341145,@complejolambda
15415112,@complejolambda
185370654,@complejolambda
4034611,@complejolambda
96372191,@complejolambda
81322804,@complejolambda
185604131,@complejolambda
184511394,@complejolambda
174465911,@complejolambda
15569343,@complejolambda
180336016,@complejolambda
182909839,@complejolambda
100049936,@complejolambda
77500021,@complejolambda
141209148,@complejolambda
182413620,@complejolambda
144157769,@complejolambda
122688312,@complejolambda
84816943,@complejolambda
164567379,@complejolambda
41106150,@complejolambda
131840606,@complejolambda
168733928,@complejolambda
103343484,@complejolambda
95878669,@complejolambda
43911934,@complejolambda
101537092,@complejolambda
36882515,@complejolambda
172313953,@complejolambda
155353799,@complejolambda
121218461,@complejolambda
174231675,@complejolambda
132129129,@complejolambda
132899206,@complejolambda
28421163,@complejolambda
59100411,@complejolambda
73480754,@complejolambda
76124962,@complejolambda
146414686,@complejolambda
122412738,@complejolambda
143409803,@complejolambda
116839719,@complejolambda
125060859,@complejolambda
118722287,@complejolambda
41369349,@complejolambda
45847146,@complejolambda
18083984,@complejolambda
153005411,@complejolambda
91731355,@complejolambda
99993399,@complejolambda
16103678,@complejolambda
142859870,@complejolambda
35862937,@complejolambda
15177408,@complejolambda
146050572,@complejolambda
136644118,@complejolambda
58344397,@complejolambda
140251440,@complejolambda
141660617,@complejolambda
142218620,@complejolambda
132245080,@complejolambda
93155953,@complejolambda
132271234,@complejolambda
44416115,@complejolambda
98648195,@complejolambda
127880523,@complejolambda
121432459,@complejolambda
87645691,@complejolambda
86081933,@complejolambda
15492649,@complejolambda
17905950,@complejolambda
50595500,@complejolambda
90705109,@complejolambda
53681874,@complejolambda
90730795,@complejolambda
57238019,@complejolambda
111586530,@complejolambda
116439798,@complejolambda
83865478,@complejolambda
76867009,@complejolambda
96858682,@complejolambda
96094993,@complejolambda
108040407,@complejolambda
76276848,@complejolambda
66425646,@complejolambda
60344630,@complejolambda
97726779,@complejolambda
73256445,@complejolambda
14190953,@complejolambda
17154205,@complejolambda
78057774,@complejolambda
75867621,@complejolambda
81947003,@complejolambda
43867365,@complejolambda
87664195,@complejolambda
71899214,@complejolambda
73426117,@complejolambda
70822144,@complejolambda
37968320,@complejolambda
17093617,@complejolambda
67484796,@complejolambda
68510305,@complejolambda
58781573,@complejolambda
17744602,@complejolambda
61292107,@complejolambda
43533301,@complejolambda
33869750,@complejolambda
362955847,@Victor_Fdz
2422131389,@Victor_Fdz
233153790,@Victor_Fdz
2533225063,@Victor_Fdz
250653691,@Victor_Fdz
841461343,@Victor_Fdz
1261745029,@Victor_Fdz
353526491,@Victor_Fdz
736456311626444800,@Victor_Fdz
791198196,@Victor_Fdz
380805569,@Victor_Fdz
467621891,@Victor_Fdz
900274284,@Victor_Fdz
2153506549,@Victor_Fdz
3485431,@Victor_Fdz
145856761,@Victor_Fdz
1141417774201184257,@Victor_Fdz
1192849953976139778,@Victor_Fdz
43520800,@Victor_Fdz
41361078,@Victor_Fdz
1111226634634493953,@Victor_Fdz
1166786717401137152,@Victor_Fdz
3028110161,@Victor_Fdz
51130465,@Victor_Fdz
842779850712764417,@Victor_Fdz
1224082302,@Victor_Fdz
2309085372,@Victor_Fdz
539035648,@Victor_Fdz
126717577,@Victor_Fdz
53349508,@Victor_Fdz
150581068,@Victor_Fdz
1019693279691137024,@Victor_Fdz
716079260,@Victor_Fdz
207440394,@Victor_Fdz
450824357,@Victor_Fdz
980959164104032256,@Victor_Fdz
132623196,@Victor_Fdz
186964394,@Victor_Fdz
983831755747741696,@Victor_Fdz
72984539,@Victor_Fdz
117652722,@Victor_Fdz
2873569557,@Victor_Fdz
259182274,@Victor_Fdz
193531266,@Victor_Fdz
872397228,@Victor_Fdz
272023536,@Victor_Fdz
840592807513473025,@Victor_Fdz
101537092,@Victor_Fdz
280004068,@Victor_Fdz
3302836978,@Victor_Fdz
776870317,@Victor_Fdz
866330831090053121,@Victor_Fdz
785954255769174016,@Victor_Fdz
148931025,@Victor_Fdz
846371876834299904,@Victor_Fdz
71392693,@Victor_Fdz
2982721335,@Victor_Fdz
3367255677,@Victor_Fdz
181150034,@Victor_Fdz
3160396445,@Victor_Fdz
823582007657689088,@Victor_Fdz
832009700061364225,@Victor_Fdz
176929507,@Victor_Fdz
19725644,@Victor_Fdz
11348282,@Victor_Fdz
19194943,@Victor_Fdz
190364640,@Victor_Fdz
538380041,@Victor_Fdz
2656816350,@Victor_Fdz
425254956,@Victor_Fdz
90633911,@Victor_Fdz
92100680,@Victor_Fdz
1381298028,@Victor_Fdz
417802848,@Victor_Fdz
118743297,@Victor_Fdz
16503582,@Victor_Fdz
23991290,@Victor_Fdz
420550833,@Victor_Fdz
2187944274,@Victor_Fdz
333660133,@Victor_Fdz
411713600,@Victor_Fdz
47890779,@Victor_Fdz
4857776453,@Victor_Fdz
28602412,@Victor_Fdz
539803868,@Victor_Fdz
143453113,@Victor_Fdz
1630329570,@Victor_Fdz
42275437,@Victor_Fdz
273424718,@Victor_Fdz
252320526,@Victor_Fdz
278499204,@Victor_Fdz
84127151,@Victor_Fdz
2310537236,@Victor_Fdz
119574987,@Victor_Fdz
3182082588,@Victor_Fdz
2605519104,@Victor_Fdz
41645733,@Victor_Fdz
394562321,@Victor_Fdz
381739917,@Victor_Fdz
2381003322,@Victor_Fdz
190614830,@Victor_Fdz
3345853913,@Victor_Fdz
3229308711,@Victor_Fdz
2369207886,@Victor_Fdz
397569659,@Victor_Fdz
1300064282,@Victor_Fdz
274602987,@Victor_Fdz
88921575,@Victor_Fdz
15596151,@Victor_Fdz
520872139,@Victor_Fdz
1174487792,@Victor_Fdz
429993868,@Victor_Fdz
28757835,@Victor_Fdz
45542424,@Victor_Fdz
314908338,@Victor_Fdz
2222165437,@Victor_Fdz
2690316446,@Victor_Fdz
409584713,@Victor_Fdz
254153029,@Victor_Fdz
10211472,@Victor_Fdz
268342906,@Victor_Fdz
1459090969,@Victor_Fdz
111066638,@Victor_Fdz
2249404820,@Victor_Fdz
2765413779,@Victor_Fdz
383871947,@Victor_Fdz
1510982040,@Victor_Fdz
253560850,@Victor_Fdz
11591662,@Victor_Fdz
49299658,@Victor_Fdz
56506346,@Victor_Fdz
225848367,@Victor_Fdz
1288346749,@Victor_Fdz
11020162,@Victor_Fdz
2926832908,@Victor_Fdz
3017560683,@Victor_Fdz
125024089,@Victor_Fdz
1950328747,@Victor_Fdz
6652652,@Victor_Fdz
19486642,@Victor_Fdz
271025147,@Victor_Fdz
2881606653,@Victor_Fdz
17336036,@Victor_Fdz
2884918475,@Victor_Fdz
2828193058,@Victor_Fdz
701161309,@Victor_Fdz
1376380448,@Victor_Fdz
19681801,@Victor_Fdz
293678144,@Victor_Fdz
109289512,@Victor_Fdz
46134091,@Victor_Fdz
156230009,@Victor_Fdz
2160619376,@Victor_Fdz
604690796,@Victor_Fdz
164081884,@Victor_Fdz
72011982,@Victor_Fdz
219036964,@Victor_Fdz
103638505,@Victor_Fdz
2292565884,@Victor_Fdz
2619446784,@Victor_Fdz
2351667002,@Victor_Fdz
24585498,@Victor_Fdz
16560415,@Victor_Fdz
107936403,@Victor_Fdz
158670212,@Victor_Fdz
2419244857,@Victor_Fdz
14415038,@Victor_Fdz
1184284674,@Victor_Fdz
617567938,@Victor_Fdz
47667972,@Victor_Fdz
344183710,@Victor_Fdz
480750070,@Victor_Fdz
279045296,@Victor_Fdz
98173005,@Victor_Fdz
2228014476,@Victor_Fdz
2360041843,@Victor_Fdz
270271745,@Victor_Fdz
77059348,@Victor_Fdz
49615531,@Victor_Fdz
502208702,@Victor_Fdz
46604441,@Victor_Fdz
175624200,@Victor_Fdz
1852492176,@Victor_Fdz
95501183,@Victor_Fdz
36457353,@Victor_Fdz
2295936374,@Victor_Fdz
520685404,@Victor_Fdz
487378845,@Victor_Fdz
1192795542,@Victor_Fdz
406362196,@Victor_Fdz
2165745566,@Victor_Fdz
372364635,@Victor_Fdz
16150760,@Victor_Fdz
2225704592,@Victor_Fdz
19958119,@Victor_Fdz
15531582,@Victor_Fdz
1144941259,@Victor_Fdz
311427233,@Victor_Fdz
22747028,@Victor_Fdz
228663325,@Victor_Fdz
1224340214,@Victor_Fdz
184736528,@Victor_Fdz
1403393664,@Victor_Fdz
206178009,@Victor_Fdz
417183582,@Victor_Fdz
1596251108,@Victor_Fdz
108728293,@Victor_Fdz
16736535,@Victor_Fdz
312937997,@Victor_Fdz
1114089698,@Victor_Fdz
13426312,@Victor_Fdz
115682819,@Victor_Fdz
249352020,@Victor_Fdz
1259482916,@Victor_Fdz
621550712,@Victor_Fdz
14169211,@Victor_Fdz
2709501,@Victor_Fdz
1251147691,@Victor_Fdz
172313953,@Victor_Fdz
287891745,@Victor_Fdz
258766365,@Victor_Fdz
44343955,@Victor_Fdz
1140920574,@Victor_Fdz
41441246,@Victor_Fdz
1134558667,@Victor_Fdz
1130725531,@Victor_Fdz
14932848,@Victor_Fdz
1091667408,@Victor_Fdz
785616199,@Victor_Fdz
7753922,@Victor_Fdz
903715884,@Victor_Fdz
129207988,@Victor_Fdz
14140004,@Victor_Fdz
21391784,@Victor_Fdz
128522261,@Victor_Fdz
149841143,@Victor_Fdz
867817723,@Victor_Fdz
378801335,@Victor_Fdz
567310122,@Victor_Fdz
482065320,@Victor_Fdz
453401718,@Victor_Fdz
105123890,@Victor_Fdz
12044602,@Victor_Fdz
279097296,@Victor_Fdz
127880523,@Victor_Fdz
233974683,@Victor_Fdz
204069912,@Victor_Fdz
522315432,@Victor_Fdz
196744652,@Victor_Fdz
114188311,@Victor_Fdz
79279083,@Victor_Fdz
361188454,@Victor_Fdz
166536200,@Victor_Fdz
36803580,@Victor_Fdz
18836636,@Victor_Fdz
83133798,@Victor_Fdz
14943083,@Victor_Fdz
92163822,@Victor_Fdz
316050313,@Victor_Fdz
76124962,@Victor_Fdz
329317878,@Victor_Fdz
16639071,@Victor_Fdz
255483505,@Victor_Fdz
112288498,@Victor_Fdz
17229342,@Victor_Fdz
40485847,@Victor_Fdz
62490084,@Victor_Fdz
357363579,@Victor_Fdz
244517230,@Victor_Fdz
91873310,@Victor_Fdz
243846655,@Victor_Fdz
319181587,@Victor_Fdz
130812204,@Victor_Fdz
307292816,@Victor_Fdz
298675832,@Victor_Fdz
66957332,@Victor_Fdz
240504134,@Victor_Fdz
292953842,@Victor_Fdz
44416115,@Victor_Fdz
201911046,@Victor_Fdz
174210742,@Victor_Fdz
9440122,@Victor_Fdz
281116288,@Victor_Fdz
132077255,@Victor_Fdz
274606348,@Victor_Fdz
274929045,@Victor_Fdz
272030106,@Victor_Fdz
213229079,@Victor_Fdz
270131475,@Victor_Fdz
189207220,@Victor_Fdz
262348892,@Victor_Fdz
255252168,@Victor_Fdz
238322675,@Victor_Fdz
221381705,@Victor_Fdz
194634272,@Victor_Fdz
185604131,@Victor_Fdz
14562110,@Victor_Fdz
172721196,@Victor_Fdz
224236611,@Victor_Fdz
207648970,@Victor_Fdz
216329119,@Victor_Fdz
96372191,@Victor_Fdz
209604242,@Victor_Fdz
146050572,@Victor_Fdz
198828452,@Victor_Fdz
205742317,@Victor_Fdz
192626245,@Victor_Fdz
205235001,@Victor_Fdz
102419315,@Victor_Fdz
73542068,@Victor_Fdz
121806849,@Victor_Fdz
72784762,@Victor_Fdz
126337863,@Victor_Fdz
18015530,@Victor_Fdz
61292107,@Victor_Fdz
184861178,@Victor_Fdz
19114743,@Victor_Fdz
174465911,@Victor_Fdz
149616965,@Victor_Fdz
77500021,@Victor_Fdz
143409803,@Victor_Fdz
153790519,@Victor_Fdz
153005411,@Victor_Fdz
142859870,@Victor_Fdz
15177408,@Victor_Fdz
42305658,@Victor_Fdz
13095992,@Victor_Fdz
3012241,@Victor_Fdz
136644118,@Victor_Fdz
141660617,@Victor_Fdz
142218620,@Victor_Fdz
121432459,@Victor_Fdz
76276848,@Victor_Fdz
81947003,@Victor_Fdz
116439798,@Victor_Fdz
83865478,@Victor_Fdz
73256445,@Victor_Fdz
111586530,@Victor_Fdz
12189162,@Victor_Fdz
103343484,@Victor_Fdz
43867365,@Victor_Fdz
87664195,@Victor_Fdz
36731464,@Victor_Fdz
52352076,@Victor_Fdz
75867621,@Victor_Fdz
73426117,@Victor_Fdz
68510305,@Victor_Fdz
33869750,@Victor_Fdz
43533301,@Victor_Fdz
65904303,@Victor_Fdz
